{"cameraMode":{"drawMode":0,"name":"Shaded","section":"Shading Mode"},"sceneLighting":true,"audioPlay":false,"sceneViewState":{"m_AlwaysRefresh":false,"showFog":true,"showSkybox":true,"showFlares":true,"showImageEffects":true,"showParticleSystems":true,"showVisualEffectGraphs":true,"m_FxEnabled":true},"in2DMode":false,"pivot":{"x":4.454812526702881,"y":-0.2718082368373871,"z":7.357184886932373},"rotation":{"x":-0.0027099137660115959,"y":0.9501979351043701,"z":-0.31152623891830447,"w":-0.008266366086900235},"size":11.49254322052002,"orthographic":false}