{"cameraMode":{"drawMode":0,"name":"Shaded","section":"Shading Mode"},"sceneLighting":true,"audioPlay":false,"sceneViewState":{"m_AlwaysRefresh":false,"showFog":true,"showSkybox":true,"showFlares":true,"showImageEffects":true,"showParticleSystems":true,"showVisualEffectGraphs":true,"m_FxEnabled":true},"in2DMode":false,"pivot":{"x":0.08880615234375,"y":2.95548677444458,"z":-0.032160401344299319},"rotation":{"x":0.0015426427125930787,"y":-0.9981096982955933,"z":0.05426301807165146,"w":0.028433240950107576},"size":3.130821466445923,"orthographic":false}