{"cameraMode":{"drawMode":0,"name":"Shaded","section":"Shading Mode"},"sceneLighting":true,"audioPlay":false,"sceneViewState":{"m_AlwaysRefresh":false,"showFog":true,"showSkybox":true,"showFlares":true,"showImageEffects":true,"showParticleSystems":true,"showVisualEffectGraphs":true,"m_FxEnabled":true},"in2DMode":false,"pivot":{"x":24.67384910583496,"y":21.390283584594728,"z":-16.566938400268556},"rotation":{"x":0.20741014182567597,"y":-0.5582824945449829,"z":0.1466129571199417,"w":0.7898046374320984},"size":3.1355175971984865,"orthographic":false}